[{"pk": 1, "model": "auth.permission", "fields": {"codename": "add_permission", "name": "Can add permission", "content_type": 1}}, {"pk": 2, "model": "auth.permission", "fields": {"codename": "change_permission", "name": "Can change permission", "content_type": 1}}, {"pk": 3, "model": "auth.permission", "fields": {"codename": "delete_permission", "name": "Can delete permission", "content_type": 1}}, {"pk": 4, "model": "auth.permission", "fields": {"codename": "add_group", "name": "Can add group", "content_type": 2}}, {"pk": 5, "model": "auth.permission", "fields": {"codename": "change_group", "name": "Can change group", "content_type": 2}}, {"pk": 6, "model": "auth.permission", "fields": {"codename": "delete_group", "name": "Can delete group", "content_type": 2}}, {"pk": 7, "model": "auth.permission", "fields": {"codename": "add_user", "name": "Can add user", "content_type": 3}}, {"pk": 8, "model": "auth.permission", "fields": {"codename": "change_user", "name": "Can change user", "content_type": 3}}, {"pk": 9, "model": "auth.permission", "fields": {"codename": "delete_user", "name": "Can delete user", "content_type": 3}}, {"pk": 10, "model": "auth.permission", "fields": {"codename": "add_contenttype", "name": "Can add content type", "content_type": 4}}, {"pk": 11, "model": "auth.permission", "fields": {"codename": "change_contenttype", "name": "Can change content type", "content_type": 4}}, {"pk": 12, "model": "auth.permission", "fields": {"codename": "delete_contenttype", "name": "Can delete content type", "content_type": 4}}, {"pk": 13, "model": "auth.permission", "fields": {"codename": "add_session", "name": "Can add session", "content_type": 5}}, {"pk": 14, "model": "auth.permission", "fields": {"codename": "change_session", "name": "Can change session", "content_type": 5}}, {"pk": 15, "model": "auth.permission", "fields": {"codename": "delete_session", "name": "Can delete session", "content_type": 5}}, {"pk": 16, "model": "auth.permission", "fields": {"codename": "add_site", "name": "Can add site", "content_type": 6}}, {"pk": 17, "model": "auth.permission", "fields": {"codename": "change_site", "name": "Can change site", "content_type": 6}}, {"pk": 18, "model": "auth.permission", "fields": {"codename": "delete_site", "name": "Can delete site", "content_type": 6}}, {"pk": 19, "model": "auth.permission", "fields": {"codename": "add_logentry", "name": "Can add log entry", "content_type": 7}}, {"pk": 20, "model": "auth.permission", "fields": {"codename": "change_logentry", "name": "Can change log entry", "content_type": 7}}, {"pk": 21, "model": "auth.permission", "fields": {"codename": "delete_logentry", "name": "Can delete log entry", "content_type": 7}}, {"pk": 22, "model": "auth.permission", "fields": {"codename": "add_redirect", "name": "Can add redirect", "content_type": 8}}, {"pk": 23, "model": "auth.permission", "fields": {"codename": "change_redirect", "name": "Can change redirect", "content_type": 8}}, {"pk": 24, "model": "auth.permission", "fields": {"codename": "delete_redirect", "name": "Can delete redirect", "content_type": 8}}, {"pk": 25, "model": "auth.permission", "fields": {"codename": "add_migrationhistory", "name": "Can add migration history", "content_type": 9}}, {"pk": 26, "model": "auth.permission", "fields": {"codename": "change_migrationhistory", "name": "Can change migration history", "content_type": 9}}, {"pk": 27, "model": "auth.permission", "fields": {"codename": "delete_migrationhistory", "name": "Can delete migration history", "content_type": 9}}, {"pk": 28, "model": "auth.permission", "fields": {"codename": "add_map", "name": "Can add map", "content_type": 10}}, {"pk": 29, "model": "auth.permission", "fields": {"codename": "change_map", "name": "Can change map", "content_type": 10}}, {"pk": 30, "model": "auth.permission", "fields": {"codename": "delete_map", "name": "Can delete map", "content_type": 10}}, {"pk": 31, "model": "auth.permission", "fields": {"codename": "add_maptopic", "name": "Can add map topic", "content_type": 11}}, {"pk": 32, "model": "auth.permission", "fields": {"codename": "change_maptopic", "name": "Can change map topic", "content_type": 11}}, {"pk": 33, "model": "auth.permission", "fields": {"codename": "delete_maptopic", "name": "Can delete map topic", "content_type": 11}}, {"pk": 34, "model": "auth.permission", "fields": {"codename": "add_text", "name": "Can add text", "content_type": 12}}, {"pk": 35, "model": "auth.permission", "fields": {"codename": "change_text", "name": "Can change text", "content_type": 12}}, {"pk": 36, "model": "auth.permission", "fields": {"codename": "delete_text", "name": "Can delete text", "content_type": 12}}, {"pk": 37, "model": "auth.permission", "fields": {"codename": "publish_page", "name": "Can publish Page", "content_type": 13}}, {"pk": 38, "model": "auth.permission", "fields": {"codename": "add_placeholder", "name": "Can add placeholder", "content_type": 14}}, {"pk": 39, "model": "auth.permission", "fields": {"codename": "change_placeholder", "name": "Can change placeholder", "content_type": 14}}, {"pk": 40, "model": "auth.permission", "fields": {"codename": "delete_placeholder", "name": "Can delete placeholder", "content_type": 14}}, {"pk": 41, "model": "auth.permission", "fields": {"codename": "add_cmsplugin", "name": "Can add cms plugin", "content_type": 15}}, {"pk": 42, "model": "auth.permission", "fields": {"codename": "change_cmsplugin", "name": "Can change cms plugin", "content_type": 15}}, {"pk": 43, "model": "auth.permission", "fields": {"codename": "delete_cmsplugin", "name": "Can delete cms plugin", "content_type": 15}}, {"pk": 44, "model": "auth.permission", "fields": {"codename": "add_page", "name": "Can add page", "content_type": 13}}, {"pk": 45, "model": "auth.permission", "fields": {"codename": "change_page", "name": "Can change page", "content_type": 13}}, {"pk": 46, "model": "auth.permission", "fields": {"codename": "delete_page", "name": "Can delete page", "content_type": 13}}, {"pk": 47, "model": "auth.permission", "fields": {"codename": "view_page", "name": "Can view page", "content_type": 13}}, {"pk": 48, "model": "auth.permission", "fields": {"codename": "add_pagemoderatorstate", "name": "Can add Page moderator state", "content_type": 16}}, {"pk": 49, "model": "auth.permission", "fields": {"codename": "change_pagemoderatorstate", "name": "Can change Page moderator state", "content_type": 16}}, {"pk": 50, "model": "auth.permission", "fields": {"codename": "delete_pagemoderatorstate", "name": "Can delete Page moderator state", "content_type": 16}}, {"pk": 51, "model": "auth.permission", "fields": {"codename": "add_globalpagepermission", "name": "Can add Page global permission", "content_type": 17}}, {"pk": 52, "model": "auth.permission", "fields": {"codename": "change_globalpagepermission", "name": "Can change Page global permission", "content_type": 17}}, {"pk": 53, "model": "auth.permission", "fields": {"codename": "delete_globalpagepermission", "name": "Can delete Page global permission", "content_type": 17}}, {"pk": 54, "model": "auth.permission", "fields": {"codename": "add_pagepermission", "name": "Can add Page permission", "content_type": 18}}, {"pk": 55, "model": "auth.permission", "fields": {"codename": "change_pagepermission", "name": "Can change Page permission", "content_type": 18}}, {"pk": 56, "model": "auth.permission", "fields": {"codename": "delete_pagepermission", "name": "Can delete Page permission", "content_type": 18}}, {"pk": 57, "model": "auth.permission", "fields": {"codename": "add_pageuser", "name": "Can add User (page)", "content_type": 19}}, {"pk": 58, "model": "auth.permission", "fields": {"codename": "change_pageuser", "name": "Can change User (page)", "content_type": 19}}, {"pk": 59, "model": "auth.permission", "fields": {"codename": "delete_pageuser", "name": "Can delete User (page)", "content_type": 19}}, {"pk": 60, "model": "auth.permission", "fields": {"codename": "add_pageusergroup", "name": "Can add User group (page)", "content_type": 20}}, {"pk": 61, "model": "auth.permission", "fields": {"codename": "change_pageusergroup", "name": "Can change User group (page)", "content_type": 20}}, {"pk": 62, "model": "auth.permission", "fields": {"codename": "delete_pageusergroup", "name": "Can delete User group (page)", "content_type": 20}}, {"pk": 63, "model": "auth.permission", "fields": {"codename": "add_title", "name": "Can add title", "content_type": 21}}, {"pk": 64, "model": "auth.permission", "fields": {"codename": "change_title", "name": "Can change title", "content_type": 21}}, {"pk": 65, "model": "auth.permission", "fields": {"codename": "delete_title", "name": "Can delete title", "content_type": 21}}, {"pk": 66, "model": "auth.permission", "fields": {"codename": "add_cachekey", "name": "Can add cache key", "content_type": 22}}, {"pk": 67, "model": "auth.permission", "fields": {"codename": "change_cachekey", "name": "Can change cache key", "content_type": 22}}, {"pk": 68, "model": "auth.permission", "fields": {"codename": "delete_cachekey", "name": "Can delete cache key", "content_type": 22}}, {"pk": 69, "model": "auth.permission", "fields": {"codename": "add_file", "name": "Can add file", "content_type": 23}}, {"pk": 70, "model": "auth.permission", "fields": {"codename": "change_file", "name": "Can change file", "content_type": 23}}, {"pk": 71, "model": "auth.permission", "fields": {"codename": "delete_file", "name": "Can delete file", "content_type": 23}}, {"pk": 72, "model": "auth.permission", "fields": {"codename": "add_picture", "name": "Can add picture", "content_type": 24}}, {"pk": 73, "model": "auth.permission", "fields": {"codename": "change_picture", "name": "Can change picture", "content_type": 24}}, {"pk": 74, "model": "auth.permission", "fields": {"codename": "delete_picture", "name": "Can delete picture", "content_type": 24}}, {"pk": 75, "model": "auth.permission", "fields": {"codename": "add_video", "name": "Can add video", "content_type": 25}}, {"pk": 76, "model": "auth.permission", "fields": {"codename": "change_video", "name": "Can change video", "content_type": 25}}, {"pk": 77, "model": "auth.permission", "fields": {"codename": "delete_video", "name": "Can delete video", "content_type": 25}}, {"pk": 78, "model": "auth.permission", "fields": {"codename": "add_link", "name": "Can add link", "content_type": 26}}, {"pk": 79, "model": "auth.permission", "fields": {"codename": "change_link", "name": "Can change link", "content_type": 26}}, {"pk": 80, "model": "auth.permission", "fields": {"codename": "delete_link", "name": "Can delete link", "content_type": 26}}, {"pk": 81, "model": "auth.permission", "fields": {"codename": "add_googlemap", "name": "Can add google map", "content_type": 27}}, {"pk": 82, "model": "auth.permission", "fields": {"codename": "change_googlemap", "name": "Can change google map", "content_type": 27}}, {"pk": 83, "model": "auth.permission", "fields": {"codename": "delete_googlemap", "name": "Can delete google map", "content_type": 27}}, {"pk": 84, "model": "auth.permission", "fields": {"codename": "add_twitterrecententries", "name": "Can add twitter recent entries", "content_type": 28}}, {"pk": 85, "model": "auth.permission", "fields": {"codename": "change_twitterrecententries", "name": "Can change twitter recent entries", "content_type": 28}}, {"pk": 86, "model": "auth.permission", "fields": {"codename": "delete_twitterrecententries", "name": "Can delete twitter recent entries", "content_type": 28}}, {"pk": 87, "model": "auth.permission", "fields": {"codename": "add_twittersearch", "name": "Can add twitter search", "content_type": 29}}, {"pk": 88, "model": "auth.permission", "fields": {"codename": "change_twittersearch", "name": "Can change twitter search", "content_type": 29}}, {"pk": 89, "model": "auth.permission", "fields": {"codename": "delete_twittersearch", "name": "Can delete twitter search", "content_type": 29}}, {"pk": 90, "model": "auth.permission", "fields": {"codename": "add_inheritpageplaceholder", "name": "Can add inherit page placeholder", "content_type": 30}}, {"pk": 91, "model": "auth.permission", "fields": {"codename": "change_inheritpageplaceholder", "name": "Can change inherit page placeholder", "content_type": 30}}, {"pk": 92, "model": "auth.permission", "fields": {"codename": "delete_inheritpageplaceholder", "name": "Can delete inherit page placeholder", "content_type": 30}}, {"pk": 2, "model": "auth.user", "fields": {"username": "admin", "first_name": "", "last_name": "", "is_active": true, "is_superuser": true, "is_staff": true, "last_login": "2013-10-09T22:01:14.690Z", "groups": [], "user_permissions": [], "password": "pbkdf2_sha256$10000$9EbdcP45JNpa$qVRVeSQ/LJfV04NvbcnN6naEqNj2YBEZ2nRMtF1dXGE=", "email": "", "date_joined": "2013-10-09T21:31:33Z"}}, {"pk": 1, "model": "xdw_core.map", "fields": {"last_node_title": "Northwest African cheetah", "status": "O", "popularity": 0, "description": "", "title": "titolo", "author_surname": "", "picture_url": "", "node_titles": "[\"Leopard\", \"Lion\", \"Cheetah\", \"Asiatic lion\", \"Transvaal lion\", \"Southwest African lion\", \"Indochinese leopard\", \"African leopard\", \"North China leopard\", \"Felis\", \"Big cat\", \"Arabian leopard\", \"Striped hyena\", \"Indian leopard\", \"Sri Lankan leopard\", \"Javan leopard\", \"Lycaon pictus\", \"Northwest African cheetah\"]", "author_name": "", "featured": 0, "date_created": "2013-10-09", "map_data": "{\"map\": {\"startNode\": {\"id\": \"36896\", \"title\": \"Lion\"}, \"description\": \"\", \"author\": {\"surname\": \"\", \"name\": \"\"}, \"graph\": [{\"source\": 36896, \"direction\": 0, \"target\": 1635424, \"distance\": 20}, {\"source\": 36896, \"direction\": 0, \"target\": 45609, \"distance\": 17}, {\"source\": 36896, \"direction\": 0, \"target\": 28627592, \"distance\": 14}, {\"source\": 36896, \"direction\": 0, \"target\": 44303, \"distance\": 14}, {\"source\": 36896, \"direction\": 0, \"target\": 28652225, \"distance\": 13}, {\"source\": 44303, \"direction\": 0, \"target\": 31531845, \"distance\": 17}, {\"source\": 44303, \"direction\": 0, \"target\": 3741743, \"distance\": 15}, {\"source\": 44303, \"direction\": 0, \"target\": 8940033, \"distance\": 15}, {\"source\": 44303, \"direction\": 0, \"target\": 244841, \"distance\": 14}, {\"source\": 44303, \"direction\": 0, \"target\": 165456, \"distance\": 13}, {\"source\": 44303, \"direction\": 0, \"target\": 5451650, \"distance\": 13}, {\"source\": 44303, \"direction\": 0, \"target\": 595962, \"distance\": 13}, {\"source\": 44303, \"direction\": 0, \"target\": 7589080, \"distance\": 13}, {\"source\": 44303, \"direction\": 0, \"target\": 45609, \"distance\": 12}, {\"source\": 44303, \"direction\": 0, \"target\": 5930319, \"distance\": 12}, {\"source\": 44303, \"direction\": 0, \"target\": 17641915, \"distance\": 11}, {\"source\": 45609, \"direction\": 0, \"target\": 23275627, \"distance\": 17}, {\"source\": 45609, \"direction\": 0, \"target\": 8010676, \"distance\": 16}], \"title\": \"titolo\", \"coordinates\": {\"latitude\": \"45.659194\", \"longitude\": \"13.772362\"}, \"pagerank\": [{\"id\": \"44303\", \"weight\": \"148\", \"title\": \"Leopard\"}, {\"id\": \"36896\", \"weight\": \"78\", \"title\": \"Lion\"}, {\"id\": \"45609\", \"weight\": \"33\", \"title\": \"Cheetah\"}, {\"id\": \"1635424\", \"weight\": \"0\", \"title\": \"Asiatic lion\"}, {\"id\": \"28627592\", \"weight\": \"0\", \"title\": \"Transvaal lion\"}, {\"id\": \"28652225\", \"weight\": \"0\", \"title\": \"Southwest African lion\"}, {\"id\": \"31531845\", \"weight\": \"0\", \"title\": \"Indochinese leopard\"}, {\"id\": \"3741743\", \"weight\": \"0\", \"title\": \"African leopard\"}, {\"id\": \"8940033\", \"weight\": \"0\", \"title\": \"North China leopard\"}, {\"id\": \"244841\", \"weight\": \"0\", \"title\": \"Felis\"}, {\"id\": \"165456\", \"weight\": \"0\", \"title\": \"Big cat\"}, {\"id\": \"5451650\", \"weight\": \"0\", \"title\": \"Arabian leopard\"}, {\"id\": \"595962\", \"weight\": \"0\", \"title\": \"Striped hyena\"}, {\"id\": \"7589080\", \"weight\": \"0\", \"title\": \"Indian leopard\"}, {\"id\": \"5930319\", \"weight\": \"0\", \"title\": \"Sri Lankan leopard\"}, {\"id\": \"17641915\", \"weight\": \"0\", \"title\": \"Javan leopard\"}, {\"id\": \"23275627\", \"weight\": \"0\", \"title\": \"Lycaon pictus\"}, {\"id\": \"8010676\", \"weight\": \"0\", \"title\": \"Northwest African cheetah\"}], \"shared\": 1, \"endNode\": {\"id\": \"45609\", \"title\": \"Cheetah\"}, \"path\": [{\"source\": 36896, \"direction\": 0, \"target\": 44303, \"distance\": 20}, {\"source\": 44303, \"direction\": 0, \"target\": 17641915, \"distance\": 15}], \"net\": \"numero rete api\", \"thumbnail\": {\"tag\": \"lista nome composto dai primi 3 nodi pagerank - es: 'About_Titolo_wiki1, Titolo_wiki2, ...,Titolo_wikiN'\", \"name\": \"+name_json_+lista concatenata tag+ '.png' \"}, \"name\": \"\"}}", "node_count": 18}}, {"pk": 2, "model": "xdw_core.map", "fields": {"last_node_title": "Northwest African cheetah", "status": "O", "popularity": 0, "description": "", "title": "titolo", "author_surname": "", "picture_url": "", "node_titles": "[\"Leopard\", \"Lion\", \"Cheetah\", \"Asiatic lion\", \"Transvaal lion\", \"Southwest African lion\", \"Indochinese leopard\", \"African leopard\", \"North China leopard\", \"Felis\", \"Big cat\", \"Arabian leopard\", \"Striped hyena\", \"Indian leopard\", \"Sri Lankan leopard\", \"Javan leopard\", \"Lycaon pictus\", \"Northwest African cheetah\"]", "author_name": "", "featured": 0, "date_created": "2013-10-09", "map_data": "{\"map\": {\"startNode\": {\"id\": \"36896\", \"title\": \"Lion\"}, \"description\": \"\", \"author\": {\"surname\": \"\", \"name\": \"\"}, \"graph\": [{\"source\": 36896, \"direction\": 0, \"target\": 1635424, \"distance\": 20}, {\"source\": 36896, \"direction\": 0, \"target\": 45609, \"distance\": 17}, {\"source\": 36896, \"direction\": 0, \"target\": 28627592, \"distance\": 14}, {\"source\": 36896, \"direction\": 0, \"target\": 44303, \"distance\": 14}, {\"source\": 36896, \"direction\": 0, \"target\": 28652225, \"distance\": 13}, {\"source\": 44303, \"direction\": 0, \"target\": 31531845, \"distance\": 17}, {\"source\": 44303, \"direction\": 0, \"target\": 3741743, \"distance\": 15}, {\"source\": 44303, \"direction\": 0, \"target\": 8940033, \"distance\": 15}, {\"source\": 44303, \"direction\": 0, \"target\": 244841, \"distance\": 14}, {\"source\": 44303, \"direction\": 0, \"target\": 165456, \"distance\": 13}, {\"source\": 44303, \"direction\": 0, \"target\": 5451650, \"distance\": 13}, {\"source\": 44303, \"direction\": 0, \"target\": 595962, \"distance\": 13}, {\"source\": 44303, \"direction\": 0, \"target\": 7589080, \"distance\": 13}, {\"source\": 44303, \"direction\": 0, \"target\": 45609, \"distance\": 12}, {\"source\": 44303, \"direction\": 0, \"target\": 5930319, \"distance\": 12}, {\"source\": 44303, \"direction\": 0, \"target\": 17641915, \"distance\": 11}, {\"source\": 45609, \"direction\": 0, \"target\": 23275627, \"distance\": 17}, {\"source\": 45609, \"direction\": 0, \"target\": 8010676, \"distance\": 16}], \"title\": \"titolo\", \"coordinates\": {\"latitude\": \"45.659194\", \"longitude\": \"13.772362\"}, \"pagerank\": [{\"id\": \"44303\", \"weight\": \"148\", \"title\": \"Leopard\"}, {\"id\": \"36896\", \"weight\": \"78\", \"title\": \"Lion\"}, {\"id\": \"45609\", \"weight\": \"33\", \"title\": \"Cheetah\"}, {\"id\": \"1635424\", \"weight\": \"0\", \"title\": \"Asiatic lion\"}, {\"id\": \"28627592\", \"weight\": \"0\", \"title\": \"Transvaal lion\"}, {\"id\": \"28652225\", \"weight\": \"0\", \"title\": \"Southwest African lion\"}, {\"id\": \"31531845\", \"weight\": \"0\", \"title\": \"Indochinese leopard\"}, {\"id\": \"3741743\", \"weight\": \"0\", \"title\": \"African leopard\"}, {\"id\": \"8940033\", \"weight\": \"0\", \"title\": \"North China leopard\"}, {\"id\": \"244841\", \"weight\": \"0\", \"title\": \"Felis\"}, {\"id\": \"165456\", \"weight\": \"0\", \"title\": \"Big cat\"}, {\"id\": \"5451650\", \"weight\": \"0\", \"title\": \"Arabian leopard\"}, {\"id\": \"595962\", \"weight\": \"0\", \"title\": \"Striped hyena\"}, {\"id\": \"7589080\", \"weight\": \"0\", \"title\": \"Indian leopard\"}, {\"id\": \"5930319\", \"weight\": \"0\", \"title\": \"Sri Lankan leopard\"}, {\"id\": \"17641915\", \"weight\": \"0\", \"title\": \"Javan leopard\"}, {\"id\": \"23275627\", \"weight\": \"0\", \"title\": \"Lycaon pictus\"}, {\"id\": \"8010676\", \"weight\": \"0\", \"title\": \"Northwest African cheetah\"}], \"shared\": 1, \"endNode\": {\"id\": \"45609\", \"title\": \"Cheetah\"}, \"path\": [{\"source\": 36896, \"direction\": 0, \"target\": 44303, \"distance\": 20}, {\"source\": 44303, \"direction\": 0, \"target\": 17641915, \"distance\": 15}], \"net\": \"numero rete api\", \"thumbnail\": {\"tag\": \"lista nome composto dai primi 3 nodi pagerank - es: 'About_Titolo_wiki1, Titolo_wiki2, ...,Titolo_wikiN'\", \"name\": \"+name_json_+lista concatenata tag+ '.png' \"}, \"name\": \"\"}}", "node_count": 18}}, {"pk": 1, "model": "xdw_core.maptopic", "fields": {"topic": "leopard", "map": 1, "relevance": 148}}, {"pk": 2, "model": "xdw_core.maptopic", "fields": {"topic": "lion", "map": 1, "relevance": 78}}, {"pk": 3, "model": "xdw_core.maptopic", "fields": {"topic": "cheetah", "map": 1, "relevance": 33}}, {"pk": 4, "model": "xdw_core.maptopic", "fields": {"topic": "asiatic lion", "map": 1, "relevance": 0}}, {"pk": 5, "model": "xdw_core.maptopic", "fields": {"topic": "transvaal lion", "map": 1, "relevance": 0}}, {"pk": 6, "model": "xdw_core.maptopic", "fields": {"topic": "southwest african lion", "map": 1, "relevance": 0}}, {"pk": 7, "model": "xdw_core.maptopic", "fields": {"topic": "indochinese leopard", "map": 1, "relevance": 0}}, {"pk": 8, "model": "xdw_core.maptopic", "fields": {"topic": "african leopard", "map": 1, "relevance": 0}}, {"pk": 9, "model": "xdw_core.maptopic", "fields": {"topic": "north china leopard", "map": 1, "relevance": 0}}, {"pk": 10, "model": "xdw_core.maptopic", "fields": {"topic": "felis", "map": 1, "relevance": 0}}, {"pk": 11, "model": "xdw_core.maptopic", "fields": {"topic": "big cat", "map": 1, "relevance": 0}}, {"pk": 12, "model": "xdw_core.maptopic", "fields": {"topic": "arabian leopard", "map": 1, "relevance": 0}}, {"pk": 13, "model": "xdw_core.maptopic", "fields": {"topic": "striped hyena", "map": 1, "relevance": 0}}, {"pk": 14, "model": "xdw_core.maptopic", "fields": {"topic": "indian leopard", "map": 1, "relevance": 0}}, {"pk": 15, "model": "xdw_core.maptopic", "fields": {"topic": "sri lankan leopard", "map": 1, "relevance": 0}}, {"pk": 16, "model": "xdw_core.maptopic", "fields": {"topic": "javan leopard", "map": 1, "relevance": 0}}, {"pk": 17, "model": "xdw_core.maptopic", "fields": {"topic": "lycaon pictus", "map": 1, "relevance": 0}}, {"pk": 18, "model": "xdw_core.maptopic", "fields": {"topic": "northwest african cheetah", "map": 1, "relevance": 0}}, {"pk": 19, "model": "xdw_core.maptopic", "fields": {"topic": "leopard", "map": 2, "relevance": 148}}, {"pk": 20, "model": "xdw_core.maptopic", "fields": {"topic": "lion", "map": 2, "relevance": 78}}, {"pk": 21, "model": "xdw_core.maptopic", "fields": {"topic": "cheetah", "map": 2, "relevance": 33}}, {"pk": 22, "model": "xdw_core.maptopic", "fields": {"topic": "asiatic lion", "map": 2, "relevance": 0}}, {"pk": 23, "model": "xdw_core.maptopic", "fields": {"topic": "transvaal lion", "map": 2, "relevance": 0}}, {"pk": 24, "model": "xdw_core.maptopic", "fields": {"topic": "southwest african lion", "map": 2, "relevance": 0}}, {"pk": 25, "model": "xdw_core.maptopic", "fields": {"topic": "indochinese leopard", "map": 2, "relevance": 0}}, {"pk": 26, "model": "xdw_core.maptopic", "fields": {"topic": "african leopard", "map": 2, "relevance": 0}}, {"pk": 27, "model": "xdw_core.maptopic", "fields": {"topic": "north china leopard", "map": 2, "relevance": 0}}, {"pk": 28, "model": "xdw_core.maptopic", "fields": {"topic": "felis", "map": 2, "relevance": 0}}, {"pk": 29, "model": "xdw_core.maptopic", "fields": {"topic": "big cat", "map": 2, "relevance": 0}}, {"pk": 30, "model": "xdw_core.maptopic", "fields": {"topic": "arabian leopard", "map": 2, "relevance": 0}}, {"pk": 31, "model": "xdw_core.maptopic", "fields": {"topic": "striped hyena", "map": 2, "relevance": 0}}, {"pk": 32, "model": "xdw_core.maptopic", "fields": {"topic": "indian leopard", "map": 2, "relevance": 0}}, {"pk": 33, "model": "xdw_core.maptopic", "fields": {"topic": "sri lankan leopard", "map": 2, "relevance": 0}}, {"pk": 34, "model": "xdw_core.maptopic", "fields": {"topic": "javan leopard", "map": 2, "relevance": 0}}, {"pk": 35, "model": "xdw_core.maptopic", "fields": {"topic": "lycaon pictus", "map": 2, "relevance": 0}}, {"pk": 36, "model": "xdw_core.maptopic", "fields": {"topic": "northwest african cheetah", "map": 2, "relevance": 0}}, {"pk": 1, "model": "cms.placeholder", "fields": {"slot": "main", "default_width": null}}, {"pk": 2, "model": "cms.placeholder", "fields": {"slot": "main", "default_width": null}}, {"pk": 3, "model": "cms.placeholder", "fields": {"slot": "main", "default_width": null}}, {"pk": 4, "model": "cms.placeholder", "fields": {"slot": "main", "default_width": null}}, {"pk": 5, "model": "cms.placeholder", "fields": {"slot": "main", "default_width": null}}, {"pk": 6, "model": "cms.placeholder", "fields": {"slot": "main", "default_width": null}}, {"pk": 7, "model": "cms.placeholder", "fields": {"slot": "main", "default_width": null}}, {"pk": 8, "model": "cms.placeholder", "fields": {"slot": "main", "default_width": null}}, {"pk": 1, "model": "cms.cmsplugin", "fields": {"rght": 2, "changed_date": "2013-10-09T21:30:45.414Z", "parent": null, "language": "en", "level": 0, "creation_date": "2013-10-09T21:30:26.446Z", "lft": 1, "tree_id": 1, "position": 0, "placeholder": 3, "plugin_type": "TextPlugin"}}, {"pk": 2, "model": "cms.cmsplugin", "fields": {"rght": 2, "changed_date": "2013-10-09T21:31:12.953Z", "parent": null, "language": "en", "level": 0, "creation_date": "2013-10-09T21:30:26.446Z", "lft": 1, "tree_id": 2, "position": 0, "placeholder": 4, "plugin_type": "TextPlugin"}}, {"pk": 1, "model": "cms.page", "fields": {"rght": 2, "navigation_extenders": "", "site": 1, "creation_date": "2013-10-09T21:29:47.199Z", "lft": 1, "in_navigation": true, "reverse_id": null, "login_required": false, "created_by": "marco", "publication_end_date": null, "template": "xdw_web/base.html", "tree_id": 4, "placeholders": [1], "changed_date": "2013-10-09T22:02:56.666Z", "limit_visibility_in_menu": null, "parent": null, "publisher_state": 0, "soft_root": false, "publication_date": "2013-10-09T21:29:59.884Z", "publisher_public": 2, "level": 0, "changed_by": "admin", "publisher_is_draft": true, "published": true}}, {"pk": 2, "model": "cms.page", "fields": {"rght": 2, "navigation_extenders": "", "site": 1, "creation_date": "2013-10-09T21:30:04.858Z", "lft": 1, "in_navigation": true, "reverse_id": null, "login_required": false, "created_by": "marco", "publication_end_date": null, "template": "xdw_web/base.html", "tree_id": 2, "placeholders": [2], "changed_date": "2013-10-09T22:02:56.703Z", "limit_visibility_in_menu": null, "parent": null, "publisher_state": 0, "soft_root": false, "publication_date": "2013-10-09T21:29:59.884Z", "publisher_public": 1, "level": 0, "changed_by": "admin", "publisher_is_draft": false, "published": true}}, {"pk": 3, "model": "cms.page", "fields": {"rght": 2, "navigation_extenders": "", "site": 1, "creation_date": "2013-10-09T21:30:19.713Z", "lft": 1, "in_navigation": true, "reverse_id": null, "login_required": false, "created_by": "marco", "publication_end_date": null, "template": "xdw_web/base.html", "tree_id": 3, "placeholders": [3], "changed_date": "2013-10-09T21:31:12.961Z", "limit_visibility_in_menu": null, "parent": null, "publisher_state": 0, "soft_root": false, "publication_date": "2013-10-09T21:31:01.299Z", "publisher_public": 4, "level": 0, "changed_by": "marco", "publisher_is_draft": true, "published": true}}, {"pk": 4, "model": "cms.page", "fields": {"rght": 2, "navigation_extenders": "", "site": 1, "creation_date": "2013-10-09T21:31:06.257Z", "lft": 1, "in_navigation": true, "reverse_id": null, "login_required": false, "created_by": "marco", "publication_end_date": null, "template": "xdw_web/base.html", "tree_id": 1, "placeholders": [4], "changed_date": "2013-10-09T21:31:12.896Z", "limit_visibility_in_menu": null, "parent": null, "publisher_state": 0, "soft_root": false, "publication_date": "2013-10-09T21:31:01.299Z", "publisher_public": 3, "level": 0, "changed_by": "marco", "publisher_is_draft": false, "published": true}}, {"pk": 1, "model": "cms.pagemoderatorstate", "fields": {"action": "ADD", "message": "", "created": "2013-10-09T21:48:00.962Z", "page": 1, "user": null}}, {"pk": 2, "model": "cms.pagemoderatorstate", "fields": {"action": "ADD", "message": "", "created": "2013-10-09T21:48:01.000Z", "page": 3, "user": null}}, {"pk": 1, "model": "cms.title", "fields": {"menu_title": "", "redirect": "", "meta_keywords": "", "page_title": "", "language": "en", "title": "atlas", "has_url_overwrite": false, "application_urls": "SPAhook", "creation_date": "2013-10-09T21:29:47.215Z", "page": 1, "path": "atlas", "meta_description": "", "slug": "atlas"}}, {"pk": 2, "model": "cms.title", "fields": {"menu_title": "", "redirect": "", "meta_keywords": "", "page_title": "", "language": "en", "title": "atlas", "has_url_overwrite": false, "application_urls": "SPAhook", "creation_date": "2013-10-09T21:29:47.215Z", "page": 2, "path": "atlas", "meta_description": "", "slug": "atlas"}}, {"pk": 3, "model": "cms.title", "fields": {"menu_title": null, "redirect": null, "meta_keywords": null, "page_title": null, "language": "en", "title": "blog", "has_url_overwrite": false, "application_urls": null, "creation_date": "2013-10-09T21:30:19.725Z", "page": 3, "path": "blog", "meta_description": null, "slug": "blog"}}, {"pk": 4, "model": "cms.title", "fields": {"menu_title": null, "redirect": null, "meta_keywords": null, "page_title": null, "language": "en", "title": "blog", "has_url_overwrite": false, "application_urls": null, "creation_date": "2013-10-09T21:30:19.725Z", "page": 4, "path": "blog", "meta_description": null, "slug": "blog"}}]